{"xL": -1697.2429089331838, "xR": 1368.778040595288, "yB": -1542.5932964615122, "yT": 1518.2568320763335}