{"xL": -1313.990290242125, "xR": 1368.778040595288, "yB": -2690.883750854032, "yT": 1135.750605500527}